<?xml version="1.0" encoding="UTF-8"?>
<!DOCTYPE configuration PUBLIC "-//mybatis.org//DTD Config 3.0//EN" "http://mybatis.org/dtd/mybatis-3-config.dtd">
<configuration>
	<typeAliases>
		<typeAlias alias="TBoard" type="com.oracle.Ojakgyo.model.TBoard"/>
		<typeAlias alias="Taxi" type="com.oracle.Ojakgyo.model.Taxi"/>
		<typeAlias alias="Donation" type="com.oracle.Ojakgyo.model.Donation"/>
		<typeAlias alias="Estate" type="com.oracle.Ojakgyo.model.Estate"/>
	</typeAliases>

	<mappers>
		<mapper resource="mybatis/TBoard.xml"/>
		<mapper resource="mybatis/Taxi.xml"/>
		<mapper resource="mybatis/Donation.xml"/>
		<mapper resource="mybatis/Estate.xml"/>
		
	</mappers>
		
</configuration>