<?xml version="1.0" encoding="UTF-8"?>
<!DOCTYPE mapper PUBLIC "-//mybatis.org//DTD Mapper 3.0//EN" "http://mybatis.org/dtd/mybatis-3-mapper.dtd">
<mapper namespace="Estate">
  <resultMap id="EsList" type="Estate">
    <result property="e_id" column="e_id"/>
    <result property="e_title" column="e_title"/>
    <result property="e_price" column="e_price"/>
    <result property="e_area" column="e_area"/>
    <result property="e_type" column="e_type"/>
    <result property="e_build" column="e_build"/>
    <result property="e_content" column="e_content"/>
    <result property="e_address" column="e_address"/>
    <result property="e_goo" column="e_goo"/>
    <result property="e_dong" column="e_dong"/>
    <result property="e_floor" column="e_floor"/>
    <result property="e_room" column="e_room"/>
    <result property="e_move" column="e_move"/>
    <result property="e_updated" column="e_updated"/>
    <result property="e_joongae" column="e_joongae"/>
  </resultMap>
  
  <select id="estateList" parameterType="Estate" resultMap="EsList">
  	select * from Estate
  </select> 
  
  
  
</mapper>