<?xml version="1.0" encoding="UTF-8"?>
<!DOCTYPE mapper PUBLIC "-//mybatis.org//DTD Mapper 3.0//EN" "http://mybatis.org/dtd/mybatis-3-mapper.dtd">
<mapper namespace="Taxi">
  <resultMap id="TaxiList" type="Taxi">
    <result property="area" column="area"/>
    <result property="lat" column="lat"/>
    <result property="lon" column="lon"/>
  </resultMap>
  
  <select id="taxi" parameterType="Taxi" resultMap="TaxiList">
  	select * from taxi
  </select>
  
  <!-- <select id="board_list" parameterType="TBoard" resultMap="TBoardResult">
  	select * from t_board order by tnum desc
  </select> -->
  
  
</mapper>