<?xml version="1.0" encoding="UTF-8"?>
<!DOCTYPE mapper PUBLIC "-//mybatis.org//DTD Mapper 3.0//EN" "http://mybatis.org/dtd/mybatis-3-mapper.dtd">
<mapper namespace="TBoard">
  <!-- <resultMap id="TBoardResult" type="TBoard">
    <result property="tnum" column="tnum"/>
    <result property="ttitle" column="ttitle"/>
    <result property="tcontent" column="tcontent"/>
    <result property="tadmin" column="tadmin"/>
    <result property="tdate" column="tdate"/>
    <result property="thit" column="thit"/>
  </resultMap> -->
  
  <!-- <select id="board_list" parameterType="TBoard" resultMap="TBoardResult">
  	select * from t_board order by tnum desc
  </select> -->
  
  
</mapper>